{"count":1,"self":38621.3904384,"total":239363.9290254,"children":{"InitializeActuators":{"count":72,"self":0.0010003,"total":0.0010003,"children":null},"InitializeSensors":{"count":72,"self":0.0060012999999999993,"total":0.0060012999999999993,"children":null},"AgentSendState":{"count":31533852,"self":10171.125759999999,"total":101646.5728136,"children":{"CollectObservations":{"count":454087512,"self":2623.6944384,"total":2623.6945315,"children":null},"CollectDiscreteActionMasks":{"count":454087512,"self":1992.4074495999998,"total":1992.4074848999999,"children":null},"RequestDecision":{"count":454087512,"self":6175.617024,"total":86859.3449761,"children":{"AgentInfo.ToProto":{"count":454087512,"self":4471.0535168,"total":80683.727944699989,"children":{"GenerateSensorData":{"count":454087512,"self":21318.074367999998,"total":76212.6744293,"children":{"RayPerceptionSensor.Perceive":{"count":-1570442224,"self":54894.5985536,"total":54894.5995425,"children":null}}}}}}}}},"DecideAction":{"count":31533852,"self":84177.7545216,"total":84177.7526213,"children":null},"AgentAct":{"count":31533852,"self":14837.3438464,"total":14837.343287,"children":null},"AgentInfo.ToProto":{"count":388219,"self":6.2360248,"total":80.8632482,"children":{"GenerateSensorData":{"count":388219,"self":21.6577168,"total":74.6272232,"children":{"RayPerceptionSensor.Perceive":{"count":2329314,"self":52.969507199999995,"total":52.9695061,"children":null}}}}}},"gauges":{"KartAgent.CumulativeReward":{"count":388219,"max":5.642022,"min":-4.366074,"runningAverage":-1.39926624,"value":-2.71029115,"weightedAverage":0.4752648}},"metadata":{"timer_format_version":"0.1.0","start_time_seconds":"1639256549","unity_version":"2019.4.14f1","command_line_arguments":"C:\\Program Files\\Unity\\Hub\\Editor\\2019.4.14f1\\Editor\\Unity.exe -projectpath C:\\Users\\monst\\Developer\\Unity\\RacingDemo -useHub -hubIPC -cloudEnvironment production -hubSessionId 3da4e5d0-4f8e-11ec-b7f1-d9edf77ffbbf -accessToken zGiPOt0eC8Wpi_1k7o7vWirZRyAWTy59ReNur3sFInA002f","communication_protocol_version":"1.2.0","com.unity.ml-agents_version":"1.5.0-preview","scene_name":"SampleScene","end_time_seconds":"1639495912"}}